{
    "context": {
        "from": "556193183072",
        "id": "wamid.HBgMNTU2MTkxMjM1NDc3FQIAERgSRUJENzg4NjBCOEU5NjRDRTZDAA=="
    },
    "from": "556191235477",
    "id": "wamid.HBgMNTU2MTkxMjM1NDc3FQIAEhgUM0E1MjEwQzVDRkI3ODhCREY0NEYA",
    "timestamp": "1752594290",
    "type": "interactive",
    "interactive": {
        "type": "nfm_reply",
        "nfm_reply": {
            "response_json": "{\"screen_0_Avaliacao_4\":\"3_Ruim\",\"screen_0_CPF_1\":\"Jsjdbdudb\",\"flow_token\":\"2011056406392867\",\"screen_0_CEP_3\":\"71571703\",\"screen_0_Nome_Completo_0\":\"Gustavo\",\"screen_0_Endereco_Completo_2\":\"Bbfgh\"}",
            "body": "Sent",
            "name": "flow"
        }
    }
}