{
    "context": {
        "from": "556193183072",
        "id": "wamid.HBgMNTU2MTkxMjM1NDc3FQIAERgSRUM0QUQ5OEMxNjA4MkQwNDk4AA=="
    },
    "from": "556191235477",
    "id": "wamid.HBgMNTU2MTkxMjM1NDc3FQIAEhgUM0FFMjU4OTZDMzFGMUI4Njc3NkEA",
    "timestamp": "1752520927",
    "type": "interactive",
    "interactive": {
        "type": "nfm_reply",
        "nfm_reply": {
            "response_json": "{\"screen_0_CEP_3\":\"70610410\",\"flow_token\":\"2011056406392867\",\"screen_0_Comentarios_5\":\"Otimo\",\"screen_0_Nome_Completo_0\":\"Gustabo Vieira da silva\",\"screen_0_Endereco_Completo_2\":\"Smln trecho 07\",\"screen_0_CPF_1\":\"02419712170\",\"screen_0_Avaliacao_4\":\"3_Bom\"}",
            "body": "Sent",
            "name": "flow"
        }
    }
}