{
    "secretaria": {
      "nome": "Secretaria de Desenvolvimento Social do Distrito Federal",
      "sigla": "Sedes-DF",
      "atualizado_em": "2025-07-02"
    },
    "mandato_institucional": {
      "natureza": "Órgão da administração direta do Governo do Distrito Federal responsável pela política de assistência social e segurança alimentar.",
      "base_legal": [
        "Decreto nº 39.610/2019",
        "Lei Orgânica da Assistência Social (LOAS)"
      ],
      "missao": "Garantir proteção social a indivíduos e famílias em situação de vulnerabilidade, promover inclusão produtiva e assegurar o direito humano à alimentação adequada."
    },
    "estrutura_operacional": {
      "gabinete": "Coordenação estratégica da Secretaria.",
      "subsecretarias": {
        "proteção_social_básica": "Coordena CRAS e Serviços de Convivência.",
        "proteção_social_especial": "Gerencia CREAS, acolhimento institucional, Centro POP e equipes de Abordagem Social.",
        "segurança_alimentar_nutricional": "Administra Restaurantes Comunitários, Banco de Alimentos e ações de educação alimentar.",
        "gestão_administrativa_orçamentária": "Planejamento, orçamento, compras e RH."
      },
      "rede_fisica": {
        "cras": 29,
        "creas": 12,
        "restaurantes_comunitarios": 18
      }
    },
    "eixos_de_atuacao": [
      "Proteção Social Básica",
      "Proteção Social Especial",
      "Transferência de Renda",
      "Segurança Alimentar",
      "Inclusão Produtiva e Qualificação"
    ],
    "programas": [
      {
        "nome": "DF Social",
        "categoria": "Transferência de Renda",
        "valor": 150,
        "periodicidade": "mensal",
        "publico": "Famílias inscritas no CadÚnico com renda per capita ≤ ½ salário-mínimo."
      },
      {
        "nome": "Complemento DF Sem Miséria",
        "categoria": "Transferência de Renda",
        "valor": "variável",
        "periodicidade": "mensal",
        "publico": "Famílias remanescentes do antigo DFSM cujo Bolsa Família + DF Social não atinge o piso estadual."
      },
      {
        "nome": "Restaurantes Comunitários",
        "categoria": "Segurança Alimentar",
        "valor": 2,
        "periodicidade": "por refeição",
        "publico": "Aberto a toda a população; café, almoço e jantar subsidiados."
      },
      {
        "nome": "Cartão Prato Cheio",
        "categoria": "Segurança Alimentar",
        "valor": 250,
        "periodicidade": "mensal (até 9 meses)",
        "publico": "Famílias em insegurança alimentar inscritas no CadÚnico."
      },
      {
        "nome": "Cartão Gás",
        "categoria": "Segurança Alimentar",
        "valor": 100,
        "periodicidade": "bimestral (até 18 meses)",
        "publico": "Famílias de baixa renda para compra de botijão de 13 kg."
      },
      {
        "nome": "Auxílio Natalidade",
        "categoria": "Benefícios Eventuais",
        "valor": 200,
        "periodicidade": "parcela única",
        "publico": "Gestantes ou mães em vulnerabilidade socioeconômica."
      },
      {
        "nome": "Auxílio Funeral",
        "categoria": "Benefícios Eventuais",
        "valor": 415,
        "periodicidade": "parcela única ou serviço funerário completo",
        "publico": "Famílias com renda per capita ≤ ½ salário-mínimo."
      },
      {
        "nome": "Auxílio Vulnerabilidade / Calamidade",
        "categoria": "Benefícios Eventuais",
        "valor": "variável",
        "periodicidade": "emergencial",
        "publico": "Pessoas afetadas por desastre, incêndio, despejo ou situação análoga."
      },
      {
        "nome": "Acessuas Trabalho",
        "categoria": "Inclusão Produtiva",
        "valor": null,
        "periodicidade": "cursos e intermediação",
        "publico": "Pessoas em situação de pobreza ou extrema pobreza."
      },
      {
        "nome": "Projeto Warao",
        "categoria": "Projetos Especiais",
        "valor": null,
        "periodicidade": "contínuo",
        "publico": "Indígenas da etnia Warao refugiados da Venezuela."
      },
  
      /* ──────────────────── PROGRAMAS FEDERAIS ──────────────────── */
      {
        "nome": "Bolsa Família",
        "categoria": "Transferência de Renda",
        "esfera": "Federal",
        "valor": "R$ 600 base + adicionais (R$ 150 por criança de 0–6 anos; R$ 50 por gestante ou adolescente 7–18)",
        "periodicidade": "mensal",
        "publico": "Famílias no CadÚnico com renda per capita ≤ R$ 218."
      },
      {
        "nome": "Auxílio Gás dos Brasileiros (Vale-Gás Nacional)",
        "categoria": "Segurança Alimentar",
        "esfera": "Federal",
        "valor": "100% do valor médio nacional do botijão de 13 kg (≈ R$ 120)",
        "periodicidade": "bimestral",
        "publico": "Famílias no CadÚnico com renda per capita ≤ ½ salário-mínimo ou que recebam BPC."
      },
      {
        "nome": "Tarifa Social de Energia Elétrica",
        "categoria": "Redução Tarifária",
        "esfera": "Federal",
        "valor": "Desconto de 65 % a 100 % na conta de luz conforme faixa de consumo",
        "periodicidade": "mensal",
        "publico": "Famílias no CadÚnico com renda per capita ≤ ½ salário-mínimo, BPC ou indígenas/quilombolas."
      },
      {
        "nome": "Benefício de Prestação Continuada (BPC)",
        "categoria": "Benefício Federal operacionalizado",
        "esfera": "Federal",
        "valor": "1 salário-mínimo",
        "periodicidade": "mensal",
        "publico": "Idosos (≥ 65 anos) ou pessoas com deficiência de baixa renda."
      }
    ],
    "publico_prioritario": [
      "Famílias com renda per capita ≤ ½ salário-mínimo",
      "Crianças, adolescentes, idosos e pessoas com deficiência em risco social",
      "População em situação de rua ou insegurança alimentar",
      "Mulheres chefes de família e vítimas de violência",
      "Grupos minoritários (ex.: refugiados Warao)"
    ],
    "acesso_servicos": [
      {
        "canal": "Cadastro Único (CadÚnico)",
        "descricao": "Porta de entrada para DF Social, Prato Cheio, Cartão Gás, Bolsa Família e outros benefícios federais."
      },
      {
        "canal": "CRAS",
        "descricao": "Agendamento presencial ou pelo telefone 156, opção 1."
      },
      {
        "canal": "CREAS / Centro POP",
        "descricao": "Demandas de proteção social especial."
      },
      {
        "canal": "Portal Sedes",
        "descricao": "sedes.df.gov.br – listas de beneficiários, editais e cronogramas."
      },
      {
        "canal": "Agências BRB",
        "descricao": "Retirada de cartões de benefícios sociais."
      }
    ],
    "indicadores_impacto": {
      "df_social_familias": 55000,
      "cartao_prato_cheio_beneficiarios": 86000,
      "cartao_gas_familias": 70000,
      "restaurantes_comunitarios_unidades": 18,
      "bolsa_familia_familias_no_df": 235000,
      "auxilio_gas_familias_no_df": 130000
    },
    "faq_exemplos": [
      "Quais os requisitos para receber o DF Social?",
      "Como agendar atendimento no CRAS mais próximo?",
      "Onde retiro o Cartão Prato Cheio e qual o prazo de liberação?",
      "Quantas parcelas do Cartão Gás ainda restam para minha família?",
      "Como saber se tenho direito ao Bolsa Família?",
      "Quais documentos são necessários para solicitar Auxílio Natalidade?"
    ]
  }
  